{"cameraMode":{"drawMode":0,"name":"Shaded","section":"Shading Mode"},"sceneLighting":true,"audioPlay":false,"sceneViewState":{"m_AlwaysRefresh":false,"showFog":true,"showSkybox":true,"showFlares":true,"showImageEffects":true,"showParticleSystems":true,"showVisualEffectGraphs":true,"m_FxEnabled":true},"in2DMode":false,"pivot":{"x":22.17882537841797,"y":-2.9007723331451418,"z":37.13273620605469},"rotation":{"x":0.12980158627033235,"y":0.2622998058795929,"z":-0.035627108067274097,"w":0.9555705785751343},"size":30.32544708251953,"orthographic":false}