{"cameraMode":{"drawMode":0,"name":"Shaded","section":"Shading Mode"},"sceneLighting":false,"audioPlay":false,"sceneViewState":{"m_AlwaysRefresh":false,"showFog":true,"showSkybox":false,"showFlares":true,"showImageEffects":true,"showParticleSystems":true,"showVisualEffectGraphs":true,"m_FxEnabled":true},"in2DMode":false,"pivot":{"x":-0.43459033966064455,"y":2.1383800506591799,"z":0.2419133186340332},"rotation":{"x":0.006358449347317219,"y":0.9793256521224976,"z":-0.19985482096672059,"w":0.03115265443921089},"size":7.266734600067139,"orthographic":false}